id,name,abbreviation,week,year,home,away,url,pbp_url
401671699,Chargers v Cardinals,LAC v ARI,7,2024,22,24,https://site.web.api.espn.com/apis/site/v2/sports/football/nfl/summary?event=401671699,sports.core.api.espn.com/v2/sports/football/leagues/nfl/events/401671699/competitions/401671699/plays?limit=300
401547639,Steelers v Ravens,PIT v BAL,18,2024,33,23,https://site.web.api.espn.com/apis/site/v2/sports/football/nfl/summary?event=401547639,sports.core.api.espn.com/v2/sports/football/leagues/nfl/events/401547639/competitions/401547639/plays?limit=300
401547641,Browns v Bengals,CLE v CIN,18,2024,4,5,https://site.web.api.espn.com/apis/site/v2/sports/football/nfl/summary?event=401547641,sports.core.api.espn.com/v2/sports/football/leagues/nfl/events/401547641/competitions/401547641/plays?limit=300
401547642,Vikings v Lions,MIN v DET,18,2024,8,16,https://site.web.api.espn.com/apis/site/v2/sports/football/nfl/summary?event=401547642,sports.core.api.espn.com/v2/sports/football/leagues/nfl/events/401547642/competitions/401547642/plays?limit=300
401547652,Jaguars v Titans,JAX v TEN,18,2024,10,30,https://site.web.api.espn.com/apis/site/v2/sports/football/nfl/summary?event=401547652,sports.core.api.espn.com/v2/sports/football/leagues/nfl/events/401547652/competitions/401547652/plays?limit=300
401547648,Jets v Patriots,NYJ v NE,18,2024,17,20,https://site.web.api.espn.com/apis/site/v2/sports/football/nfl/summary?event=401547648,sports.core.api.espn.com/v2/sports/football/leagues/nfl/events/401547648/competitions/401547648/plays?limit=300
401547649,Falcons v Saints,ATL v NO,18,2024,18,1,https://site.web.api.espn.com/apis/site/v2/sports/football/nfl/summary?event=401547649,sports.core.api.espn.com/v2/sports/football/leagues/nfl/events/401547649/competitions/401547649/plays?limit=300
401547643,Bears v Packers,CHI v GB,18,2024,9,3,https://site.web.api.espn.com/apis/site/v2/sports/football/nfl/summary?event=401547643,sports.core.api.espn.com/v2/sports/football/leagues/nfl/events/401547643/competitions/401547643/plays?limit=300
401547646,Broncos v Raiders,DEN v LV,18,2024,13,7,https://site.web.api.espn.com/apis/site/v2/sports/football/nfl/summary?event=401547646,sports.core.api.espn.com/v2/sports/football/leagues/nfl/events/401547646/competitions/401547646/plays?limit=300
401547650,Eagles v Giants,PHI v NYG,18,2024,19,21,https://site.web.api.espn.com/apis/site/v2/sports/football/nfl/summary?event=401547650,sports.core.api.espn.com/v2/sports/football/leagues/nfl/events/401547650/competitions/401547650/plays?limit=300
401547638,Seahawks v Cardinals,SEA v ARI,18,2024,22,26,https://site.web.api.espn.com/apis/site/v2/sports/football/nfl/summary?event=401547638,sports.core.api.espn.com/v2/sports/football/leagues/nfl/events/401547638/competitions/401547638/plays?limit=300
401547645,Chiefs v Chargers,KC v LAC,18,2024,24,12,https://site.web.api.espn.com/apis/site/v2/sports/football/nfl/summary?event=401547645,sports.core.api.espn.com/v2/sports/football/leagues/nfl/events/401547645/competitions/401547645/plays?limit=300
401547653,Cowboys v Commanders,DAL v WSH,18,2024,28,6,https://site.web.api.espn.com/apis/site/v2/sports/football/nfl/summary?event=401547653,sports.core.api.espn.com/v2/sports/football/leagues/nfl/events/401547653/competitions/401547653/plays?limit=300
401547647,Bills v Dolphins,BUF v MIA,18,2024,15,2,https://site.web.api.espn.com/apis/site/v2/sports/football/nfl/summary?event=401547647,sports.core.api.espn.com/v2/sports/football/leagues/nfl/events/401547647/competitions/401547647/plays?limit=300
401547749,Browns v Texans,CLE v HOU,1,2024,34,5,https://site.web.api.espn.com/apis/site/v2/sports/football/nfl/summary?event=401547749,sports.core.api.espn.com/v2/sports/football/leagues/nfl/events/401547749/competitions/401547749/plays?limit=300
401547750,Dolphins v Chiefs,MIA v KC,1,2024,12,15,https://site.web.api.espn.com/apis/site/v2/sports/football/nfl/summary?event=401547750,sports.core.api.espn.com/v2/sports/football/leagues/nfl/events/401547750/competitions/401547750/plays?limit=300
401547752,Packers v Cowboys,GB v DAL,1,2024,6,9,https://site.web.api.espn.com/apis/site/v2/sports/football/nfl/summary?event=401547752,sports.core.api.espn.com/v2/sports/football/leagues/nfl/events/401547752/competitions/401547752/plays?limit=300
401547751,Steelers v Bills,PIT v BUF,1,2024,2,23,https://site.web.api.espn.com/apis/site/v2/sports/football/nfl/summary?event=401547751,sports.core.api.espn.com/v2/sports/football/leagues/nfl/events/401547751/competitions/401547751/plays?limit=300
401547754,Eagles v Buccaneers,PHI v TB,1,2024,27,21,https://site.web.api.espn.com/apis/site/v2/sports/football/nfl/summary?event=401547754,sports.core.api.espn.com/v2/sports/football/leagues/nfl/events/401547754/competitions/401547754/plays?limit=300
401547755,Texans v Ravens,HOU v BAL,2,2024,33,34,https://site.web.api.espn.com/apis/site/v2/sports/football/nfl/summary?event=401547755,sports.core.api.espn.com/v2/sports/football/leagues/nfl/events/401547755/competitions/401547755/plays?limit=300
401547756,Packers v 49ers,GB v SF,2,2024,25,9,https://site.web.api.espn.com/apis/site/v2/sports/football/nfl/summary?event=401547756,sports.core.api.espn.com/v2/sports/football/leagues/nfl/events/401547756/competitions/401547756/plays?limit=300
401547757,Buccaneers v Lions,TB v DET,2,2024,8,27,https://site.web.api.espn.com/apis/site/v2/sports/football/nfl/summary?event=401547757,sports.core.api.espn.com/v2/sports/football/leagues/nfl/events/401547757/competitions/401547757/plays?limit=300
401547758,Chiefs v Bills,KC v BUF,2,2024,2,12,https://site.web.api.espn.com/apis/site/v2/sports/football/nfl/summary?event=401547758,sports.core.api.espn.com/v2/sports/football/leagues/nfl/events/401547758/competitions/401547758/plays?limit=300
401547380,Lions v 49ers,DET v SF,3,2024,25,8,https://site.web.api.espn.com/apis/site/v2/sports/football/nfl/summary?event=401547380,sports.core.api.espn.com/v2/sports/football/leagues/nfl/events/401547380/competitions/401547380/plays?limit=300
401616889,NFC v AFC,NFC v AFC,4,2024,31,32,https://site.web.api.espn.com/apis/site/v2/sports/football/nfl/summary?event=401616889,sports.core.api.espn.com/v2/sports/football/leagues/nfl/events/401616889/competitions/401616889/plays?limit=300
401547378,49ers v Chiefs,SF v KC,5,2024,12,25,https://site.web.api.espn.com/apis/site/v2/sports/football/nfl/summary?event=401547378,sports.core.api.espn.com/v2/sports/football/leagues/nfl/events/401547378/competitions/401547378/plays?limit=300
401671918,Panthers v Patriots,CAR v NE,2,2024,17,29,https://site.web.api.espn.com/apis/site/v2/sports/football/nfl/summary?event=401671918,sports.core.api.espn.com/v2/sports/football/leagues/nfl/events/401671918/competitions/401671918/plays?limit=300
401673457,Lions v Giants,DET v NYG,2,2024,19,8,https://site.web.api.espn.com/apis/site/v2/sports/football/nfl/summary?event=401673457,sports.core.api.espn.com/v2/sports/football/leagues/nfl/events/401673457/competitions/401673457/plays?limit=300
401671905,Texans v Steelers,HOU v PIT,2,2024,23,34,https://site.web.api.espn.com/apis/site/v2/sports/football/nfl/summary?event=401671905,sports.core.api.espn.com/v2/sports/football/leagues/nfl/events/401671905/competitions/401671905/plays?limit=300
401671897,Eagles v Ravens,PHI v BAL,2,2024,33,21,https://site.web.api.espn.com/apis/site/v2/sports/football/nfl/summary?event=401671897,sports.core.api.espn.com/v2/sports/football/leagues/nfl/events/401671897/competitions/401671897/plays?limit=300
401673171,Commanders v Jets,WSH v NYJ,2,2024,20,28,https://site.web.api.espn.com/apis/site/v2/sports/football/nfl/summary?event=401673171,sports.core.api.espn.com/v2/sports/football/leagues/nfl/events/401673171/competitions/401673171/plays?limit=300
401671615,Bears v Bills,CHI v BUF,2,2024,2,3,https://site.web.api.espn.com/apis/site/v2/sports/football/nfl/summary?event=401671615,sports.core.api.espn.com/v2/sports/football/leagues/nfl/events/401671615/competitions/401671615/plays?limit=300
401672005,Raiders v Vikings,LV v MIN,2,2024,16,13,https://site.web.api.espn.com/apis/site/v2/sports/football/nfl/summary?event=401672005,sports.core.api.espn.com/v2/sports/football/leagues/nfl/events/401672005/competitions/401672005/plays?limit=300
401671900,Buccaneers v Bengals,TB v CIN,2,2024,4,27,https://site.web.api.espn.com/apis/site/v2/sports/football/nfl/summary?event=401671900,sports.core.api.espn.com/v2/sports/football/leagues/nfl/events/401671900/competitions/401671900/plays?limit=300
401673472,49ers v Titans,SF v TEN,2,2024,10,25,https://site.web.api.espn.com/apis/site/v2/sports/football/nfl/summary?event=401673472,sports.core.api.espn.com/v2/sports/football/leagues/nfl/events/401673472/competitions/401673472/plays?limit=300
401671910,Chiefs v Jaguars,KC v JAX,2,2024,30,12,https://site.web.api.espn.com/apis/site/v2/sports/football/nfl/summary?event=401671910,sports.core.api.espn.com/v2/sports/football/leagues/nfl/events/401671910/competitions/401671910/plays?limit=300
401671907,Seahawks v Chargers,SEA v LAC,2,2024,24,26,https://site.web.api.espn.com/apis/site/v2/sports/football/nfl/summary?event=401671907,sports.core.api.espn.com/v2/sports/football/leagues/nfl/events/401671907/competitions/401671907/plays?limit=300
401673456,Saints v Cardinals,NO v ARI,2,2024,22,18,https://site.web.api.espn.com/apis/site/v2/sports/football/nfl/summary?event=401673456,sports.core.api.espn.com/v2/sports/football/leagues/nfl/events/401673456/competitions/401673456/plays?limit=300
401671913,Cowboys v Rams,DAL v LAR,2,2024,14,6,https://site.web.api.espn.com/apis/site/v2/sports/football/nfl/summary?event=401671913,sports.core.api.espn.com/v2/sports/football/leagues/nfl/events/401671913/competitions/401671913/plays?limit=300
401671919,Eagles v Patriots,PHI v NE,3,2024,17,21,https://site.web.api.espn.com/apis/site/v2/sports/football/nfl/summary?event=401671919,sports.core.api.espn.com/v2/sports/football/leagues/nfl/events/401671919/competitions/401671919/plays?limit=300
401671898,Falcons v Ravens,ATL v BAL,3,2024,33,1,https://site.web.api.espn.com/apis/site/v2/sports/football/nfl/summary?event=401671898,sports.core.api.espn.com/v2/sports/football/leagues/nfl/events/401671898/competitions/401671898/plays?limit=300
401671901,Bengals v Bears,CIN v CHI,3,2024,3,4,https://site.web.api.espn.com/apis/site/v2/sports/football/nfl/summary?event=401671901,sports.core.api.espn.com/v2/sports/football/leagues/nfl/events/401671901/competitions/401671901/plays?limit=300
401671924,Giants v Texans,NYG v HOU,3,2024,34,19,https://site.web.api.espn.com/apis/site/v2/sports/football/nfl/summary?event=401671924,sports.core.api.espn.com/v2/sports/football/leagues/nfl/events/401671924/competitions/401671924/plays?limit=300
401671903,Vikings v Browns,MIN v CLE,3,2024,5,16,https://site.web.api.espn.com/apis/site/v2/sports/football/nfl/summary?event=401671903,sports.core.api.espn.com/v2/sports/football/leagues/nfl/events/401671903/competitions/401671903/plays?limit=300
401673562,Seahawks v Titans,SEA v TEN,3,2024,10,26,https://site.web.api.espn.com/apis/site/v2/sports/football/nfl/summary?event=401673562,sports.core.api.espn.com/v2/sports/football/leagues/nfl/events/401673562/competitions/401673562/plays?limit=300
401671936,Cardinals v Colts,ARI v IND,3,2024,11,22,https://site.web.api.espn.com/apis/site/v2/sports/football/nfl/summary?event=401671936,sports.core.api.espn.com/v2/sports/football/leagues/nfl/events/401671936/competitions/401671936/plays?limit=300
401671916,Commanders v Dolphins,WSH v MIA,3,2024,15,28,https://site.web.api.espn.com/apis/site/v2/sports/football/nfl/summary?event=401671916,sports.core.api.espn.com/v2/sports/football/leagues/nfl/events/401671916/competitions/401671916/plays?limit=300
401671906,Bills v Steelers,BUF v PIT,3,2024,23,2,https://site.web.api.espn.com/apis/site/v2/sports/football/nfl/summary?event=401671906,sports.core.api.espn.com/v2/sports/football/leagues/nfl/events/401671906/competitions/401671906/plays?limit=300
401671908,Rams v Chargers,LAR v LAC,3,2024,24,14,https://site.web.api.espn.com/apis/site/v2/sports/football/nfl/summary?event=401671908,sports.core.api.espn.com/v2/sports/football/leagues/nfl/events/401671908/competitions/401671908/plays?limit=300
401671925,Buccaneers v Jaguars,TB v JAX,3,2024,30,27,https://site.web.api.espn.com/apis/site/v2/sports/football/nfl/summary?event=401671925,sports.core.api.espn.com/v2/sports/football/leagues/nfl/events/401671925/competitions/401671925/plays?limit=300
401672897,Cowboys v Raiders,DAL v LV,3,2024,13,6,https://site.web.api.espn.com/apis/site/v2/sports/football/nfl/summary?event=401672897,sports.core.api.espn.com/v2/sports/football/leagues/nfl/events/401672897/competitions/401672897/plays?limit=300
401671921,Packers v Broncos,GB v DEN,3,2024,7,9,https://site.web.api.espn.com/apis/site/v2/sports/football/nfl/summary?event=401671921,sports.core.api.espn.com/v2/sports/football/leagues/nfl/events/401671921/competitions/401671921/plays?limit=300
401671612,Colts v Bengals,IND v CIN,4,2024,4,11,https://site.web.api.espn.com/apis/site/v2/sports/football/nfl/summary?event=401671612,sports.core.api.espn.com/v2/sports/football/leagues/nfl/events/401671612/competitions/401671612/plays?limit=300
401671912,Bears v Chiefs,CHI v KC,4,2024,12,3,https://site.web.api.espn.com/apis/site/v2/sports/football/nfl/summary?event=401671912,sports.core.api.espn.com/v2/sports/football/leagues/nfl/events/401671912/competitions/401671912/plays?limit=300
401671917,Dolphins v Buccaneers,MIA v TB,4,2024,27,15,https://site.web.api.espn.com/apis/site/v2/sports/football/nfl/summary?event=401671917,sports.core.api.espn.com/v2/sports/football/leagues/nfl/events/401671917/competitions/401671917/plays?limit=300
401672898,49ers v Raiders,SF v LV,4,2024,13,25,https://site.web.api.espn.com/apis/site/v2/sports/football/nfl/summary?event=401672898,sports.core.api.espn.com/v2/sports/football/leagues/nfl/events/401672898/competitions/401672898/plays?limit=300
401671896,Panthers v Bills,CAR v BUF,4,2024,2,29,https://site.web.api.espn.com/apis/site/v2/sports/football/nfl/summary?event=401671896,sports.core.api.espn.com/v2/sports/football/leagues/nfl/events/401671896/competitions/401671896/plays?limit=300
401673458,Steelers v Lions,PIT v DET,4,2024,8,23,https://site.web.api.espn.com/apis/site/v2/sports/football/nfl/summary?event=401673458,sports.core.api.espn.com/v2/sports/football/leagues/nfl/events/401673458/competitions/401673458/plays?limit=300
401671899,Ravens v Packers,BAL v GB,4,2024,9,33,https://site.web.api.espn.com/apis/site/v2/sports/football/nfl/summary?event=401671899,sports.core.api.espn.com/v2/sports/football/leagues/nfl/events/401671899/competitions/401671899/plays?limit=300
401671914,Rams v Texans,LAR v HOU,4,2024,34,14,https://site.web.api.espn.com/apis/site/v2/sports/football/nfl/summary?event=401671914,sports.core.api.espn.com/v2/sports/football/leagues/nfl/events/401671914/competitions/401671914/plays?limit=300
401671909,Chargers v Cowboys,LAC v DAL,4,2024,6,24,https://site.web.api.espn.com/apis/site/v2/sports/football/nfl/summary?event=401671909,sports.core.api.espn.com/v2/sports/football/leagues/nfl/events/401671909/competitions/401671909/plays?limit=300
401673172,Giants v Jets,NYG v NYJ,4,2024,20,19,https://site.web.api.espn.com/apis/site/v2/sports/football/nfl/summary?event=401673172,sports.core.api.espn.com/v2/sports/football/leagues/nfl/events/401673172/competitions/401673172/plays?limit=300
401671904,Browns v Seahawks,CLE v SEA,4,2024,26,5,https://site.web.api.espn.com/apis/site/v2/sports/football/nfl/summary?event=401671904,sports.core.api.espn.com/v2/sports/football/leagues/nfl/events/401671904/competitions/401671904/plays?limit=300
401673561,Titans v Saints,TEN v NO,4,2024,18,10,https://site.web.api.espn.com/apis/site/v2/sports/football/nfl/summary?event=401673561,sports.core.api.espn.com/v2/sports/football/leagues/nfl/events/401673561/competitions/401673561/plays?limit=300
401671614,Patriots v Commanders,NE v WSH,4,2024,28,17,https://site.web.api.espn.com/apis/site/v2/sports/football/nfl/summary?event=401671614,sports.core.api.espn.com/v2/sports/football/leagues/nfl/events/401671614/competitions/401671614/plays?limit=300
401671789,Ravens v Chiefs,BAL v KC,1,2024,12,33,https://site.web.api.espn.com/apis/site/v2/sports/football/nfl/summary?event=401671789,sports.core.api.espn.com/v2/sports/football/leagues/nfl/events/401671789/competitions/401671789/plays?limit=300
401671805,Packers v Eagles,GB v PHI,1,2024,21,9,https://site.web.api.espn.com/apis/site/v2/sports/football/nfl/summary?event=401671805,sports.core.api.espn.com/v2/sports/football/leagues/nfl/events/401671805/competitions/401671805/plays?limit=300
401671744,Steelers v Falcons,PIT v ATL,1,2024,1,23,https://site.web.api.espn.com/apis/site/v2/sports/football/nfl/summary?event=401671744,sports.core.api.espn.com/v2/sports/football/leagues/nfl/events/401671744/competitions/401671744/plays?limit=300
401671617,Cardinals v Bills,ARI v BUF,1,2024,2,22,https://site.web.api.espn.com/apis/site/v2/sports/football/nfl/summary?event=401671617,sports.core.api.espn.com/v2/sports/football/leagues/nfl/events/401671617/competitions/401671617/plays?limit=300
401671628,Patriots v Bengals,NE v CIN,1,2024,4,17,https://site.web.api.espn.com/apis/site/v2/sports/football/nfl/summary?event=401671628,sports.core.api.espn.com/v2/sports/football/leagues/nfl/events/401671628/competitions/401671628/plays?limit=300
401671861,Texans v Colts,HOU v IND,1,2024,11,34,https://site.web.api.espn.com/apis/site/v2/sports/football/nfl/summary?event=401671861,sports.core.api.espn.com/v2/sports/football/leagues/nfl/events/401671861/competitions/401671861/plays?limit=300
401671849,Jaguars v Dolphins,JAX v MIA,1,2024,15,30,https://site.web.api.espn.com/apis/site/v2/sports/football/nfl/summary?event=401671849,sports.core.api.espn.com/v2/sports/football/leagues/nfl/events/401671849/competitions/401671849/plays?limit=300
401671734,Panthers v Saints,CAR v NO,1,2024,18,29,https://site.web.api.espn.com/apis/site/v2/sports/football/nfl/summary?event=401671734,sports.core.api.espn.com/v2/sports/football/leagues/nfl/events/401671734/competitions/401671734/plays?limit=300
401671712,Vikings v Giants,MIN v NYG,1,2024,19,16,https://site.web.api.espn.com/apis/site/v2/sports/football/nfl/summary?event=401671712,sports.core.api.espn.com/v2/sports/football/leagues/nfl/events/401671712/competitions/401671712/plays?limit=300
401671664,Broncos v Seahawks,DEN v SEA,1,2024,26,7,https://site.web.api.espn.com/apis/site/v2/sports/football/nfl/summary?event=401671664,sports.core.api.espn.com/v2/sports/football/leagues/nfl/events/401671664/competitions/401671664/plays?limit=300
401671761,Cowboys v Browns,DAL v CLE,1,2024,5,6,https://site.web.api.espn.com/apis/site/v2/sports/football/nfl/summary?event=401671761,sports.core.api.espn.com/v2/sports/football/leagues/nfl/events/401671761/competitions/401671761/plays?limit=300
401671770,Commanders v Buccaneers,WSH v TB,1,2024,27,28,https://site.web.api.espn.com/apis/site/v2/sports/football/nfl/summary?event=401671770,sports.core.api.espn.com/v2/sports/football/leagues/nfl/events/401671770/competitions/401671770/plays?limit=300
401671792,Rams v Lions,LAR v DET,1,2024,8,14,https://site.web.api.espn.com/apis/site/v2/sports/football/nfl/summary?event=401671792,sports.core.api.espn.com/v2/sports/football/leagues/nfl/events/401671792/competitions/401671792/plays?limit=300
401671807,Bills v Dolphins,BUF v MIA,2,2024,15,2,https://site.web.api.espn.com/apis/site/v2/sports/football/nfl/summary?event=401671807,sports.core.api.espn.com/v2/sports/football/leagues/nfl/events/401671807/competitions/401671807/plays?limit=300
401671709,Saints v Cowboys,NO v DAL,2,2024,6,18,https://site.web.api.espn.com/apis/site/v2/sports/football/nfl/summary?event=401671709,sports.core.api.espn.com/v2/sports/football/leagues/nfl/events/401671709/competitions/401671709/plays?limit=300
401671723,Colts v Packers,IND v GB,2,2024,9,11,https://site.web.api.espn.com/apis/site/v2/sports/football/nfl/summary?event=401671723,sports.core.api.espn.com/v2/sports/football/leagues/nfl/events/401671723/competitions/401671723/plays?limit=300
401671636,Jets v Titans,NYJ v TEN,2,2024,10,20,https://site.web.api.espn.com/apis/site/v2/sports/football/nfl/summary?event=401671636,sports.core.api.espn.com/v2/sports/football/leagues/nfl/events/401671636/competitions/401671636/plays?limit=300
401671645,49ers v Vikings,SF v MIN,2,2024,16,25,https://site.web.api.espn.com/apis/site/v2/sports/football/nfl/summary?event=401671645,sports.core.api.espn.com/v2/sports/football/leagues/nfl/events/401671645/competitions/401671645/plays?limit=300
401671702,Seahawks v Patriots,SEA v NE,2,2024,17,26,https://site.web.api.espn.com/apis/site/v2/sports/football/nfl/summary?event=401671702,sports.core.api.espn.com/v2/sports/football/leagues/nfl/events/401671702/competitions/401671702/plays?limit=300
401671716,Giants v Commanders,NYG v WSH,2,2024,28,19,https://site.web.api.espn.com/apis/site/v2/sports/football/nfl/summary?event=401671716,sports.core.api.espn.com/v2/sports/football/leagues/nfl/events/401671716/competitions/401671716/plays?limit=300
401671635,Browns v Jaguars,CLE v JAX,2,2024,30,5,https://site.web.api.espn.com/apis/site/v2/sports/football/nfl/summary?event=401671635,sports.core.api.espn.com/v2/sports/football/leagues/nfl/events/401671635/competitions/401671635/plays?limit=300
401671624,Raiders v Ravens,LV v BAL,2,2024,33,13,https://site.web.api.espn.com/apis/site/v2/sports/football/nfl/summary?event=401671624,sports.core.api.espn.com/v2/sports/football/leagues/nfl/events/401671624/competitions/401671624/plays?limit=300
401671754,Rams v Cardinals,LAR v ARI,2,2024,22,14,https://site.web.api.espn.com/apis/site/v2/sports/football/nfl/summary?event=401671754,sports.core.api.espn.com/v2/sports/football/leagues/nfl/events/401671754/competitions/401671754/plays?limit=300
401671668,Steelers v Broncos,PIT v DEN,2,2024,7,23,https://site.web.api.espn.com/apis/site/v2/sports/football/nfl/summary?event=401671668,sports.core.api.espn.com/v2/sports/football/leagues/nfl/events/401671668/competitions/401671668/plays?limit=300
401671670,Bengals v Chiefs,CIN v KC,2,2024,12,4,https://site.web.api.espn.com/apis/site/v2/sports/football/nfl/summary?event=401671670,sports.core.api.espn.com/v2/sports/football/leagues/nfl/events/401671670/competitions/401671670/plays?limit=300
401671691,Falcons v Eagles,ATL v PHI,2,2024,21,1,https://site.web.api.espn.com/apis/site/v2/sports/football/nfl/summary?event=401671691,sports.core.api.espn.com/v2/sports/football/leagues/nfl/events/401671691/competitions/401671691/plays?limit=300
401671808,Patriots v Jets,NE v NYJ,3,2024,20,17,https://site.web.api.espn.com/apis/site/v2/sports/football/nfl/summary?event=401671808,sports.core.api.espn.com/v2/sports/football/leagues/nfl/events/401671808/competitions/401671808/plays?limit=300
401671855,Giants v Browns,NYG v CLE,3,2024,5,19,https://site.web.api.espn.com/apis/site/v2/sports/football/nfl/summary?event=401671855,sports.core.api.espn.com/v2/sports/football/leagues/nfl/events/401671855/competitions/401671855/plays?limit=300
401671823,Packers v Titans,GB v TEN,3,2024,10,9,https://site.web.api.espn.com/apis/site/v2/sports/football/nfl/summary?event=401671823,sports.core.api.espn.com/v2/sports/football/leagues/nfl/events/401671823/competitions/401671823/plays?limit=300
401671865,Bears v Colts,CHI v IND,3,2024,11,3,https://site.web.api.espn.com/apis/site/v2/sports/football/nfl/summary?event=401671865,sports.core.api.espn.com/v2/sports/football/leagues/nfl/events/401671865/competitions/401671865/plays?limit=300
401671736,Eagles v Saints,PHI v NO,3,2024,18,21,https://site.web.api.espn.com/apis/site/v2/sports/football/nfl/summary?event=401671736,sports.core.api.espn.com/v2/sports/football/leagues/nfl/events/401671736/competitions/401671736/plays?limit=300
401671632,Chargers v Steelers,LAC v PIT,3,2024,23,24,https://site.web.api.espn.com/apis/site/v2/sports/football/nfl/summary?event=401671632,sports.core.api.espn.com/v2/sports/football/leagues/nfl/events/401671632/competitions/401671632/plays?limit=300
401671741,Broncos v Buccaneers,DEN v TB,3,2024,27,7,https://site.web.api.espn.com/apis/site/v2/sports/football/nfl/summary?event=401671741,sports.core.api.espn.com/v2/sports/football/leagues/nfl/events/401671741/competitions/401671741/plays?limit=300
401671658,Panthers v Raiders,CAR v LV,3,2024,13,29,https://site.web.api.espn.com/apis/site/v2/sports/football/nfl/summary?event=401671658,sports.core.api.espn.com/v2/sports/football/leagues/nfl/events/401671658/competitions/401671658/plays?limit=300
401671662,Dolphins v Seahawks,MIA v SEA,3,2024,26,15,https://site.web.api.espn.com/apis/site/v2/sports/football/nfl/summary?event=401671662,sports.core.api.espn.com/v2/sports/football/leagues/nfl/events/401671662/competitions/401671662/plays?limit=300
401671772,49ers v Rams,SF v LAR,3,2024,14,25,https://site.web.api.espn.com/apis/site/v2/sports/football/nfl/summary?event=401671772,sports.core.api.espn.com/v2/sports/football/leagues/nfl/events/401671772/competitions/401671772/plays?limit=300
401671771,Lions v Cardinals,DET v ARI,3,2024,22,8,https://site.web.api.espn.com/apis/site/v2/sports/football/nfl/summary?event=401671771,sports.core.api.espn.com/v2/sports/football/leagues/nfl/events/401671771/competitions/401671771/plays?limit=300
401671793,Chiefs v Falcons,KC v ATL,3,2024,1,12,https://site.web.api.espn.com/apis/site/v2/sports/football/nfl/summary?event=401671793,sports.core.api.espn.com/v2/sports/football/leagues/nfl/events/401671793/competitions/401671793/plays?limit=300
401671682,Jaguars v Bills,JAX v BUF,3,2024,2,30,https://site.web.api.espn.com/apis/site/v2/sports/football/nfl/summary?event=401671682,sports.core.api.espn.com/v2/sports/football/leagues/nfl/events/401671682/competitions/401671682/plays?limit=300
401671812,Cowboys v Giants,DAL v NYG,4,2024,19,6,https://site.web.api.espn.com/apis/site/v2/sports/football/nfl/summary?event=401671812,sports.core.api.espn.com/v2/sports/football/leagues/nfl/events/401671812/competitions/401671812/plays?limit=300
401671727,Saints v Falcons,NO v ATL,4,2024,1,18,https://site.web.api.espn.com/apis/site/v2/sports/football/nfl/summary?event=401671727,sports.core.api.espn.com/v2/sports/football/leagues/nfl/events/401671727/competitions/401671727/plays?limit=300
401671643,Vikings v Packers,MIN v GB,4,2024,9,16,https://site.web.api.espn.com/apis/site/v2/sports/football/nfl/summary?event=401671643,sports.core.api.espn.com/v2/sports/football/leagues/nfl/events/401671643/competitions/401671643/plays?limit=300
401671867,Steelers v Colts,PIT v IND,4,2024,11,23,https://site.web.api.espn.com/apis/site/v2/sports/football/nfl/summary?event=401671867,sports.core.api.espn.com/v2/sports/football/leagues/nfl/events/401671867/competitions/401671867/plays?limit=300
401671622,Broncos v Jets,DEN v NYJ,4,2024,20,7,https://site.web.api.espn.com/apis/site/v2/sports/football/nfl/summary?event=401671622,sports.core.api.espn.com/v2/sports/football/leagues/nfl/events/401671622/competitions/401671622/plays?limit=300
401671740,Eagles v Buccaneers,PHI v TB,4,2024,27,21,https://site.web.api.espn.com/apis/site/v2/sports/football/nfl/summary?event=401671740,sports.core.api.espn.com/v2/sports/football/leagues/nfl/events/401671740/competitions/401671740/plays?limit=300
401671745,Bengals v Panthers,CIN v CAR,4,2024,29,4,https://site.web.api.espn.com/apis/site/v2/sports/football/nfl/summary?event=401671745,sports.core.api.espn.com/v2/sports/football/leagues/nfl/events/401671745/competitions/401671745/plays?limit=300
401671755,Commanders v Cardinals,WSH v ARI,4,2024,22,28,https://site.web.api.espn.com/apis/site/v2/sports/football/nfl/summary?event=401671755,sports.core.api.espn.com/v2/sports/football/leagues/nfl/events/401671755/competitions/401671755/plays?limit=300
401671758,Patriots v 49ers,NE v SF,4,2024,25,17,https://site.web.api.espn.com/apis/site/v2/sports/football/nfl/summary?event=401671758,sports.core.api.espn.com/v2/sports/football/leagues/nfl/events/401671758/competitions/401671758/plays?limit=300
401671672,Browns v Raiders,CLE v LV,4,2024,13,5,https://site.web.api.espn.com/apis/site/v2/sports/football/nfl/summary?event=401671672,sports.core.api.espn.com/v2/sports/football/leagues/nfl/events/401671672/competitions/401671672/plays?limit=300
401671674,Chiefs v Chargers,KC v LAC,4,2024,24,12,https://site.web.api.espn.com/apis/site/v2/sports/football/nfl/summary?event=401671674,sports.core.api.espn.com/v2/sports/football/leagues/nfl/events/401671674/competitions/401671674/plays?limit=300
401671783,Bills v Ravens,BUF v BAL,4,2024,33,2,https://site.web.api.espn.com/apis/site/v2/sports/football/nfl/summary?event=401671783,sports.core.api.espn.com/v2/sports/football/leagues/nfl/events/401671783/competitions/401671783/plays?limit=300
401671491,Seahawks v Lions,SEA v DET,4,2024,8,26,https://site.web.api.espn.com/apis/site/v2/sports/football/nfl/summary?event=401671491,sports.core.api.espn.com/v2/sports/football/leagues/nfl/events/401671491/competitions/401671491/plays?limit=300
401671815,Buccaneers v Falcons,TB v ATL,5,2024,1,27,https://site.web.api.espn.com/apis/site/v2/sports/football/nfl/summary?event=401671815,sports.core.api.espn.com/v2/sports/football/leagues/nfl/events/401671815/competitions/401671815/plays?limit=300
401671804,Jets v Vikings,NYJ v MIN,5,2024,16,20,https://site.web.api.espn.com/apis/site/v2/sports/football/nfl/summary?event=401671804,sports.core.api.espn.com/v2/sports/football/leagues/nfl/events/401671804/competitions/401671804/plays?limit=300
401671872,Panthers v Bears,CAR v CHI,5,2024,3,29,https://site.web.api.espn.com/apis/site/v2/sports/football/nfl/summary?event=401671872,sports.core.api.espn.com/v2/sports/football/leagues/nfl/events/401671872/competitions/401671872/plays?limit=300
401671626,Ravens v Bengals,BAL v CIN,5,2024,4,33,https://site.web.api.espn.com/apis/site/v2/sports/football/nfl/summary?event=401671626,sports.core.api.espn.com/v2/sports/football/leagues/nfl/events/401671626/competitions/401671626/plays?limit=300
401671718,Browns v Commanders,CLE v WSH,5,2024,28,5,https://site.web.api.espn.com/apis/site/v2/sports/football/nfl/summary?event=401671718,sports.core.api.espn.com/v2/sports/football/leagues/nfl/events/401671718/competitions/401671718/plays?limit=300
401671633,Colts v Jaguars,IND v JAX,5,2024,30,11,https://site.web.api.espn.com/apis/site/v2/sports/football/nfl/summary?event=401671633,sports.core.api.espn.com/v2/sports/football/leagues/nfl/events/401671633/competitions/401671633/plays?limit=300
401671859,Bills v Texans,BUF v HOU,5,2024,34,2,https://site.web.api.espn.com/apis/site/v2/sports/football/nfl/summary?event=401671859,sports.core.api.espn.com/v2/sports/football/leagues/nfl/events/401671859/competitions/401671859/plays?limit=300
401671747,Raiders v Broncos,LV v DEN,5,2024,7,13,https://site.web.api.espn.com/apis/site/v2/sports/football/nfl/summary?event=401671747,sports.core.api.espn.com/v2/sports/football/leagues/nfl/events/401671747/competitions/401671747/plays?limit=300
401671756,Cardinals v 49ers,ARI v SF,5,2024,25,22,https://site.web.api.espn.com/apis/site/v2/sports/football/nfl/summary?event=401671756,sports.core.api.espn.com/v2/sports/football/leagues/nfl/events/401671756/competitions/401671756/plays?limit=300
401671679,Packers v Rams,GB v LAR,5,2024,14,9,https://site.web.api.espn.com/apis/site/v2/sports/football/nfl/summary?event=401671679,sports.core.api.espn.com/v2/sports/football/leagues/nfl/events/401671679/competitions/401671679/plays?limit=300
401671784,Cowboys v Steelers,DAL v PIT,5,2024,23,6,https://site.web.api.espn.com/apis/site/v2/sports/football/nfl/summary?event=401671784,sports.core.api.espn.com/v2/sports/football/leagues/nfl/events/401671784/competitions/401671784/plays?limit=300
401671687,Saints v Chiefs,NO v KC,5,2024,12,18,https://site.web.api.espn.com/apis/site/v2/sports/football/nfl/summary?event=401671687,sports.core.api.espn.com/v2/sports/football/leagues/nfl/events/401671687/competitions/401671687/plays?limit=300
401671819,49ers v Seahawks,SF v SEA,6,2024,26,25,https://site.web.api.espn.com/apis/site/v2/sports/football/nfl/summary?event=401671819,sports.core.api.espn.com/v2/sports/football/leagues/nfl/events/401671819/competitions/401671819/plays?limit=300
401671722,Cardinals v Packers,ARI v GB,6,2024,9,22,https://site.web.api.espn.com/apis/site/v2/sports/football/nfl/summary?event=401671722,sports.core.api.espn.com/v2/sports/football/leagues/nfl/events/401671722/competitions/401671722/plays?limit=300
401671820,Colts v Titans,IND v TEN,6,2024,10,11,https://site.web.api.espn.com/apis/site/v2/sports/football/nfl/summary?event=401671820,sports.core.api.espn.com/v2/sports/football/leagues/nfl/events/401671820/competitions/401671820/plays?limit=300
401671735,Buccaneers v Saints,TB v NO,6,2024,18,27,https://site.web.api.espn.com/apis/site/v2/sports/football/nfl/summary?event=401671735,sports.core.api.espn.com/v2/sports/football/leagues/nfl/events/401671735/competitions/401671735/plays?limit=300
401671714,Browns v Eagles,CLE v PHI,6,2024,21,5,https://site.web.api.espn.com/apis/site/v2/sports/football/nfl/summary?event=401671714,sports.core.api.espn.com/v2/sports/football/leagues/nfl/events/401671714/competitions/401671714/plays?limit=300
401671625,Commanders v Ravens,WSH v BAL,6,2024,33,28,https://site.web.api.espn.com/apis/site/v2/sports/football/nfl/summary?event=401671625,sports.core.api.espn.com/v2/sports/football/leagues/nfl/events/401671625/competitions/401671625/plays?limit=300
401671655,Chargers v Broncos,LAC v DEN,6,2024,7,24,https://site.web.api.espn.com/apis/site/v2/sports/football/nfl/summary?event=401671655,sports.core.api.espn.com/v2/sports/football/leagues/nfl/events/401671655/competitions/401671655/plays?limit=300
401671657,Steelers v Raiders,PIT v LV,6,2024,13,23,https://site.web.api.espn.com/apis/site/v2/sports/football/nfl/summary?event=401671657,sports.core.api.espn.com/v2/sports/football/leagues/nfl/events/401671657/competitions/401671657/plays?limit=300
401671769,Falcons v Panthers,ATL v CAR,6,2024,29,1,https://site.web.api.espn.com/apis/site/v2/sports/football/nfl/summary?event=401671769,sports.core.api.espn.com/v2/sports/football/leagues/nfl/events/401671769/competitions/401671769/plays?limit=300
401671791,Bengals v Giants,CIN v NYG,6,2024,19,4,https://site.web.api.espn.com/apis/site/v2/sports/football/nfl/summary?event=401671791,sports.core.api.espn.com/v2/sports/football/leagues/nfl/events/401671791/competitions/401671791/plays?limit=300
401671684,Bills v Jets,BUF v NYJ,6,2024,20,2,https://site.web.api.espn.com/apis/site/v2/sports/football/nfl/summary?event=401671684,sports.core.api.espn.com/v2/sports/football/leagues/nfl/events/401671684/competitions/401671684/plays?limit=300
401671816,Broncos v Saints,DEN v NO,7,2024,18,7,https://site.web.api.espn.com/apis/site/v2/sports/football/nfl/summary?event=401671816,sports.core.api.espn.com/v2/sports/football/leagues/nfl/events/401671816/competitions/401671816/plays?limit=300
401671801,Patriots v Jaguars,NE v JAX,7,2024,30,17,https://site.web.api.espn.com/apis/site/v2/sports/football/nfl/summary?event=401671801,sports.core.api.espn.com/v2/sports/football/leagues/nfl/events/401671801/competitions/401671801/plays?limit=300
401671616,Titans v Bills,TEN v BUF,7,2024,2,10,https://site.web.api.espn.com/apis/site/v2/sports/football/nfl/summary?event=401671616,sports.core.api.espn.com/v2/sports/football/leagues/nfl/events/401671616/competitions/401671616/plays?limit=300
401671853,Bengals v Browns,CIN v CLE,7,2024,5,4,https://site.web.api.espn.com/apis/site/v2/sports/football/nfl/summary?event=401671853,sports.core.api.espn.com/v2/sports/football/leagues/nfl/events/401671853/competitions/401671853/plays?limit=300
401671644,Texans v Packers,HOU v GB,7,2024,9,34,https://site.web.api.espn.com/apis/site/v2/sports/football/nfl/summary?event=401671644,sports.core.api.espn.com/v2/sports/football/leagues/nfl/events/401671644/competitions/401671644/plays?limit=300
401671864,Dolphins v Colts,MIA v IND,7,2024,11,15,https://site.web.api.espn.com/apis/site/v2/sports/football/nfl/summary?event=401671864,sports.core.api.espn.com/v2/sports/football/leagues/nfl/events/401671864/competitions/401671864/plays?limit=300
401671724,Lions v Vikings,DET v MIN,7,2024,16,8,https://site.web.api.espn.com/apis/site/v2/sports/football/nfl/summary?event=401671724,sports.core.api.espn.com/v2/sports/football/leagues/nfl/events/401671724/competitions/401671724/plays?limit=300
401671663,Raiders v Rams,LV v LAR,7,2024,14,13,https://site.web.api.espn.com/apis/site/v2/sports/football/nfl/summary?event=401671663,sports.core.api.espn.com/v2/sports/football/leagues/nfl/events/401671663/competitions/401671663/plays?limit=300
401671640,Panthers v Commanders,CAR v WSH,7,2024,28,29,https://site.web.api.espn.com/apis/site/v2/sports/football/nfl/summary?event=401671640,sports.core.api.espn.com/v2/sports/football/leagues/nfl/events/401671640/competitions/401671640/plays?limit=300
401671777,Chiefs v 49ers,KC v SF,7,2024,25,12,https://site.web.api.espn.com/apis/site/v2/sports/football/nfl/summary?event=401671777,sports.core.api.espn.com/v2/sports/football/leagues/nfl/events/401671777/competitions/401671777/plays?limit=300
401671785,Jets v Steelers,NYJ v PIT,7,2024,23,20,https://site.web.api.espn.com/apis/site/v2/sports/football/nfl/summary?event=401671785,sports.core.api.espn.com/v2/sports/football/leagues/nfl/events/401671785/competitions/401671785/plays?limit=300
401671817,Vikings v Rams,MIN v LAR,8,2024,14,16,https://site.web.api.espn.com/apis/site/v2/sports/football/nfl/summary?event=401671817,sports.core.api.espn.com/v2/sports/football/leagues/nfl/events/401671817/competitions/401671817/plays?limit=300
401671852,Ravens v Browns,BAL v CLE,8,2024,5,33,https://site.web.api.espn.com/apis/site/v2/sports/football/nfl/summary?event=401671852,sports.core.api.espn.com/v2/sports/football/leagues/nfl/events/401671852/competitions/401671852/plays?limit=300
401671720,Titans v Lions,TEN v DET,8,2024,8,10,https://site.web.api.espn.com/apis/site/v2/sports/football/nfl/summary?event=401671720,sports.core.api.espn.com/v2/sports/football/leagues/nfl/events/401671720/competitions/401671720/plays?limit=300
401671850,Cardinals v Dolphins,ARI v MIA,8,2024,15,22,https://site.web.api.espn.com/apis/site/v2/sports/football/nfl/summary?event=401671850,sports.core.api.espn.com/v2/sports/football/leagues/nfl/events/401671850/competitions/401671850/plays?limit=300
401671618,Jets v Patriots,NYJ v NE,8,2024,17,20,https://site.web.api.espn.com/apis/site/v2/sports/football/nfl/summary?event=401671618,sports.core.api.espn.com/v2/sports/football/leagues/nfl/events/401671618/competitions/401671618/plays?limit=300
401671707,Packers v Jaguars,GB v JAX,8,2024,30,9,https://site.web.api.espn.com/apis/site/v2/sports/football/nfl/summary?event=401671707,sports.core.api.espn.com/v2/sports/football/leagues/nfl/events/401671707/competitions/401671707/plays?limit=300
401671750,Saints v Chargers,NO v LAC,8,2024,24,18,https://site.web.api.espn.com/apis/site/v2/sports/football/nfl/summary?event=401671750,sports.core.api.espn.com/v2/sports/football/leagues/nfl/events/401671750/competitions/401671750/plays?limit=300
401671760,Bills v Seahawks,BUF v SEA,8,2024,26,2,https://site.web.api.espn.com/apis/site/v2/sports/football/nfl/summary?event=401671760,sports.core.api.espn.com/v2/sports/football/leagues/nfl/events/401671760/competitions/401671760/plays?limit=300
401671600,Panthers v Broncos,CAR v DEN,8,2024,7,29,https://site.web.api.espn.com/apis/site/v2/sports/football/nfl/summary?event=401671600,sports.core.api.espn.com/v2/sports/football/leagues/nfl/events/401671600/competitions/401671600/plays?limit=300
401671671,Chiefs v Raiders,KC v LV,8,2024,13,12,https://site.web.api.espn.com/apis/site/v2/sports/football/nfl/summary?event=401671671,sports.core.api.espn.com/v2/sports/football/leagues/nfl/events/401671671/competitions/401671671/plays?limit=300
401671599,Bears v Commanders,CHI v WSH,8,2024,28,3,https://site.web.api.espn.com/apis/site/v2/sports/football/nfl/summary?event=401671599,sports.core.api.espn.com/v2/sports/football/leagues/nfl/events/401671599/competitions/401671599/plays?limit=300
401671685,Giants v Steelers,NYG v PIT,8,2024,23,19,https://site.web.api.espn.com/apis/site/v2/sports/football/nfl/summary?event=401671685,sports.core.api.espn.com/v2/sports/football/leagues/nfl/events/401671685/competitions/401671685/plays?limit=300
401671809,Texans v Jets,HOU v NYJ,9,2024,20,34,https://site.web.api.espn.com/apis/site/v2/sports/football/nfl/summary?event=401671809,sports.core.api.espn.com/v2/sports/football/leagues/nfl/events/401671809/competitions/401671809/plays?limit=300
401671728,Cowboys v Falcons,DAL v ATL,9,2024,1,6,https://site.web.api.espn.com/apis/site/v2/sports/football/nfl/summary?event=401671728,sports.core.api.espn.com/v2/sports/football/leagues/nfl/events/401671728/competitions/401671728/plays?limit=300
401671493,Dolphins v Bills,MIA v BUF,9,2024,2,15,https://site.web.api.espn.com/apis/site/v2/sports/football/nfl/summary?event=401671493,sports.core.api.espn.com/v2/sports/football/leagues/nfl/events/401671493/competitions/401671493/plays?limit=300
401671629,Chargers v Browns,LAC v CLE,9,2024,5,24,https://site.web.api.espn.com/apis/site/v2/sports/football/nfl/summary?event=401671629,sports.core.api.espn.com/v2/sports/football/leagues/nfl/events/401671629/competitions/401671629/plays?limit=300
401671822,Patriots v Titans,NE v TEN,9,2024,10,17,https://site.web.api.espn.com/apis/site/v2/sports/football/nfl/summary?event=401671822,sports.core.api.espn.com/v2/sports/football/leagues/nfl/events/401671822/competitions/401671822/plays?limit=300
401671711,Commanders v Giants,WSH v NYG,9,2024,19,28,https://site.web.api.espn.com/apis/site/v2/sports/football/nfl/summary?event=401671711,sports.core.api.espn.com/v2/sports/football/leagues/nfl/events/401671711/competitions/401671711/plays?limit=300
401671650,Saints v Panthers,NO v CAR,9,2024,29,18,https://site.web.api.espn.com/apis/site/v2/sports/football/nfl/summary?event=401671650,sports.core.api.espn.com/v2/sports/football/leagues/nfl/events/401671650/competitions/401671650/plays?limit=300
401671623,Broncos v Ravens,DEN v BAL,9,2024,33,7,https://site.web.api.espn.com/apis/site/v2/sports/football/nfl/summary?event=401671623,sports.core.api.espn.com/v2/sports/football/leagues/nfl/events/401671623/competitions/401671623/plays?limit=300
401671797,Jaguars v Eagles,JAX v PHI,9,2024,21,30,https://site.web.api.espn.com/apis/site/v2/sports/football/nfl/summary?event=401671797,sports.core.api.espn.com/v2/sports/football/leagues/nfl/events/401671797/competitions/401671797/plays?limit=300
401671767,Lions v Packers,DET v GB,9,2024,9,8,https://site.web.api.espn.com/apis/site/v2/sports/football/nfl/summary?event=401671767,sports.core.api.espn.com/v2/sports/football/leagues/nfl/events/401671767/competitions/401671767/plays?limit=300
401671776,Rams v Seahawks,LAR v SEA,9,2024,26,14,https://site.web.api.espn.com/apis/site/v2/sports/football/nfl/summary?event=401671776,sports.core.api.espn.com/v2/sports/football/leagues/nfl/events/401671776/competitions/401671776/plays?limit=300
401671647,Colts v Vikings,IND v MIN,9,2024,16,11,https://site.web.api.espn.com/apis/site/v2/sports/football/nfl/summary?event=401671647,sports.core.api.espn.com/v2/sports/football/leagues/nfl/events/401671647/competitions/401671647/plays?limit=300
401671688,Buccaneers v Chiefs,TB v KC,9,2024,12,27,https://site.web.api.espn.com/apis/site/v2/sports/football/nfl/summary?event=401671688,sports.core.api.espn.com/v2/sports/football/leagues/nfl/events/401671688/competitions/401671688/plays?limit=300
401671810,Bengals v Ravens,CIN v BAL,10,2024,33,4,https://site.web.api.espn.com/apis/site/v2/sports/football/nfl/summary?event=401671810,sports.core.api.espn.com/v2/sports/football/leagues/nfl/events/401671810/competitions/401671810/plays?limit=300
401671873,Patriots v Bears,NE v CHI,10,2024,3,17,https://site.web.api.espn.com/apis/site/v2/sports/football/nfl/summary?event=401671873,sports.core.api.espn.com/v2/sports/football/leagues/nfl/events/401671873/competitions/401671873/plays?limit=300
401671863,Bills v Colts,BUF v IND,10,2024,11,2,https://site.web.api.espn.com/apis/site/v2/sports/football/nfl/summary?event=401671863,sports.core.api.espn.com/v2/sports/football/leagues/nfl/events/401671863/competitions/401671863/plays?limit=300
401671637,Broncos v Chiefs,DEN v KC,10,2024,12,7,https://site.web.api.espn.com/apis/site/v2/sports/football/nfl/summary?event=401671637,sports.core.api.espn.com/v2/sports/football/leagues/nfl/events/401671637/competitions/401671637/plays?limit=300
401671733,Falcons v Saints,ATL v NO,10,2024,18,1,https://site.web.api.espn.com/apis/site/v2/sports/football/nfl/summary?event=401671733,sports.core.api.espn.com/v2/sports/football/leagues/nfl/events/401671733/competitions/401671733/plays?limit=300
401671742,49ers v Buccaneers,SF v TB,10,2024,27,25,https://site.web.api.espn.com/apis/site/v2/sports/football/nfl/summary?event=401671742,sports.core.api.espn.com/v2/sports/football/leagues/nfl/events/401671742/competitions/401671742/plays?limit=300
401671708,Vikings v Jaguars,MIN v JAX,10,2024,30,16,https://site.web.api.espn.com/apis/site/v2/sports/football/nfl/summary?event=401671708,sports.core.api.espn.com/v2/sports/football/leagues/nfl/events/401671708/competitions/401671708/plays?limit=300
401671751,Titans v Chargers,TEN v LAC,10,2024,24,10,https://site.web.api.espn.com/apis/site/v2/sports/football/nfl/summary?event=401671751,sports.core.api.espn.com/v2/sports/football/leagues/nfl/events/401671751/competitions/401671751/plays?limit=300
401671678,Jets v Cardinals,NYJ v ARI,10,2024,22,20,https://site.web.api.espn.com/apis/site/v2/sports/football/nfl/summary?event=401671678,sports.core.api.espn.com/v2/sports/football/leagues/nfl/events/401671678/competitions/401671678/plays?limit=300
401671787,Lions v Texans,DET v HOU,10,2024,34,8,https://site.web.api.espn.com/apis/site/v2/sports/football/nfl/summary?event=401671787,sports.core.api.espn.com/v2/sports/football/leagues/nfl/events/401671787/competitions/401671787/plays?limit=300
401671693,Dolphins v Rams,MIA v LAR,10,2024,14,15,https://site.web.api.espn.com/apis/site/v2/sports/football/nfl/summary?event=401671693,sports.core.api.espn.com/v2/sports/football/leagues/nfl/events/401671693/competitions/401671693/plays?limit=300
401671813,Commanders v Eagles,WSH v PHI,11,2024,21,28,https://site.web.api.espn.com/apis/site/v2/sports/football/nfl/summary?event=401671813,sports.core.api.espn.com/v2/sports/football/leagues/nfl/events/401671813/competitions/401671813/plays?limit=300
401671869,Packers v Bears,GB v CHI,11,2024,3,9,https://site.web.api.espn.com/apis/site/v2/sports/football/nfl/summary?event=401671869,sports.core.api.espn.com/v2/sports/football/leagues/nfl/events/401671869/competitions/401671869/plays?limit=300
401671824,Vikings v Titans,MIN v TEN,11,2024,10,16,https://site.web.api.espn.com/apis/site/v2/sports/football/nfl/summary?event=401671824,sports.core.api.espn.com/v2/sports/football/leagues/nfl/events/401671824/competitions/401671824/plays?limit=300
401671851,Raiders v Dolphins,LV v MIA,11,2024,15,13,https://site.web.api.espn.com/apis/site/v2/sports/football/nfl/summary?event=401671851,sports.core.api.espn.com/v2/sports/football/leagues/nfl/events/401671851/competitions/401671851/plays?limit=300
401671701,Rams v Patriots,LAR v NE,11,2024,17,14,https://site.web.api.espn.com/apis/site/v2/sports/football/nfl/summary?event=401671701,sports.core.api.espn.com/v2/sports/football/leagues/nfl/events/401671701/competitions/401671701/plays?limit=300
401671746,Browns v Saints,CLE v NO,11,2024,18,5,https://site.web.api.espn.com/apis/site/v2/sports/football/nfl/summary?event=401671746,sports.core.api.espn.com/v2/sports/football/leagues/nfl/events/401671746/competitions/401671746/plays?limit=300
401671630,Ravens v Steelers,BAL v PIT,11,2024,23,33,https://site.web.api.espn.com/apis/site/v2/sports/football/nfl/summary?event=401671630,sports.core.api.espn.com/v2/sports/football/leagues/nfl/events/401671630/competitions/401671630/plays?limit=300
401671757,Seahawks v 49ers,SEA v SF,11,2024,25,26,https://site.web.api.espn.com/apis/site/v2/sports/football/nfl/summary?event=401671757,sports.core.api.espn.com/v2/sports/football/leagues/nfl/events/401671757/competitions/401671757/plays?limit=300
401671665,Chiefs v Bills,KC v BUF,11,2024,2,12,https://site.web.api.espn.com/apis/site/v2/sports/football/nfl/summary?event=401671665,sports.core.api.espn.com/v2/sports/football/leagues/nfl/events/401671665/competitions/401671665/plays?limit=300
401671675,Bengals v Chargers,CIN v LAC,11,2024,24,4,https://site.web.api.espn.com/apis/site/v2/sports/football/nfl/summary?event=401671675,sports.core.api.espn.com/v2/sports/football/leagues/nfl/events/401671675/competitions/401671675/plays?limit=300
401671782,Colts v Jets,IND v NYJ,11,2024,20,11,https://site.web.api.espn.com/apis/site/v2/sports/football/nfl/summary?event=401671782,sports.core.api.espn.com/v2/sports/football/leagues/nfl/events/401671782/competitions/401671782/plays?limit=300
401671694,Texans v Cowboys,HOU v DAL,11,2024,6,34,https://site.web.api.espn.com/apis/site/v2/sports/football/nfl/summary?event=401671694,sports.core.api.espn.com/v2/sports/football/leagues/nfl/events/401671694/competitions/401671694/plays?limit=300
401671870,Vikings v Bears,MIN v CHI,12,2024,3,16,https://site.web.api.espn.com/apis/site/v2/sports/football/nfl/summary?event=401671870,sports.core.api.espn.com/v2/sports/football/leagues/nfl/events/401671870/competitions/401671870/plays?limit=300
401671866,Lions v Colts,DET v IND,12,2024,11,8,https://site.web.api.espn.com/apis/site/v2/sports/football/nfl/summary?event=401671866,sports.core.api.espn.com/v2/sports/football/leagues/nfl/events/401671866/competitions/401671866/plays?limit=300
401671847,Patriots v Dolphins,NE v MIA,12,2024,15,17,https://site.web.api.espn.com/apis/site/v2/sports/football/nfl/summary?event=401671847,sports.core.api.espn.com/v2/sports/football/leagues/nfl/events/401671847/competitions/401671847/plays?limit=300
401671638,Buccaneers v Giants,TB v NYG,12,2024,19,27,https://site.web.api.espn.com/apis/site/v2/sports/football/nfl/summary?event=401671638,sports.core.api.espn.com/v2/sports/football/leagues/nfl/events/401671638/competitions/401671638/plays?limit=300
401671715,Cowboys v Commanders,DAL v WSH,12,2024,28,6,https://site.web.api.espn.com/apis/site/v2/sports/football/nfl/summary?event=401671715,sports.core.api.espn.com/v2/sports/football/leagues/nfl/events/401671715/competitions/401671715/plays?limit=300
401671858,Titans v Texans,TEN v HOU,12,2024,34,10,https://site.web.api.espn.com/apis/site/v2/sports/football/nfl/summary?event=401671858,sports.core.api.espn.com/v2/sports/football/leagues/nfl/events/401671858/competitions/401671858/plays?limit=300
401671656,Broncos v Raiders,DEN v LV,12,2024,13,7,https://site.web.api.espn.com/apis/site/v2/sports/football/nfl/summary?event=401671656,sports.core.api.espn.com/v2/sports/football/leagues/nfl/events/401671656/competitions/401671656/plays?limit=300
401671768,49ers v Packers,SF v GB,12,2024,9,25,https://site.web.api.espn.com/apis/site/v2/sports/football/nfl/summary?event=401671768,sports.core.api.espn.com/v2/sports/football/leagues/nfl/events/401671768/competitions/401671768/plays?limit=300
401671775,Cardinals v Seahawks,ARI v SEA,12,2024,26,22,https://site.web.api.espn.com/apis/site/v2/sports/football/nfl/summary?event=401671775,sports.core.api.espn.com/v2/sports/football/leagues/nfl/events/401671775/competitions/401671775/plays?limit=300
401671689,Ravens v Chargers,BAL v LAC,12,2024,24,33,https://site.web.api.espn.com/apis/site/v2/sports/football/nfl/summary?event=401671689,sports.core.api.espn.com/v2/sports/football/leagues/nfl/events/401671689/competitions/401671689/plays?limit=300
401671492,Bears v Lions,CHI v DET,13,2024,8,3,https://site.web.api.espn.com/apis/site/v2/sports/football/nfl/summary?event=401671492,sports.core.api.espn.com/v2/sports/football/leagues/nfl/events/401671492/competitions/401671492/plays?limit=300
401671798,Dolphins v Packers,MIA v GB,13,2024,9,15,https://site.web.api.espn.com/apis/site/v2/sports/football/nfl/summary?event=401671798,sports.core.api.espn.com/v2/sports/football/leagues/nfl/events/401671798/competitions/401671798/plays?limit=300
401671806,Raiders v Chiefs,LV v KC,13,2024,12,13,https://site.web.api.espn.com/apis/site/v2/sports/football/nfl/summary?event=401671806,sports.core.api.espn.com/v2/sports/football/leagues/nfl/events/401671806/competitions/401671806/plays?limit=300
401671649,Chargers v Falcons,LAC v ATL,13,2024,1,24,https://site.web.api.espn.com/apis/site/v2/sports/football/nfl/summary?event=401671649,sports.core.api.espn.com/v2/sports/football/leagues/nfl/events/401671649/competitions/401671649/plays?limit=300
401671627,Steelers v Bengals,PIT v CIN,13,2024,4,23,https://site.web.api.espn.com/apis/site/v2/sports/football/nfl/summary?event=401671627,sports.core.api.espn.com/v2/sports/football/leagues/nfl/events/401671627/competitions/401671627/plays?limit=300
401671726,Cardinals v Vikings,ARI v MIN,13,2024,16,22,https://site.web.api.espn.com/apis/site/v2/sports/football/nfl/summary?event=401671726,sports.core.api.espn.com/v2/sports/football/leagues/nfl/events/401671726/competitions/401671726/plays?limit=300
401671703,Seahawks v Jets,SEA v NYJ,13,2024,20,26,https://site.web.api.espn.com/apis/site/v2/sports/football/nfl/summary?event=401671703,sports.core.api.espn.com/v2/sports/football/leagues/nfl/events/401671703/competitions/401671703/plays?limit=300
401671743,Titans v Commanders,TEN v WSH,13,2024,28,10,https://site.web.api.espn.com/apis/site/v2/sports/football/nfl/summary?event=401671743,sports.core.api.espn.com/v2/sports/football/leagues/nfl/events/401671743/competitions/401671743/plays?limit=300
401671705,Texans v Jaguars,HOU v JAX,13,2024,30,34,https://site.web.api.espn.com/apis/site/v2/sports/football/nfl/summary?event=401671705,sports.core.api.espn.com/v2/sports/football/leagues/nfl/events/401671705/competitions/401671705/plays?limit=300
401671753,Rams v Saints,LAR v NO,13,2024,18,14,https://site.web.api.espn.com/apis/site/v2/sports/football/nfl/summary?event=401671753,sports.core.api.espn.com/v2/sports/football/leagues/nfl/events/401671753/competitions/401671753/plays?limit=300
401671752,Buccaneers v Panthers,TB v CAR,13,2024,29,27,https://site.web.api.espn.com/apis/site/v2/sports/football/nfl/summary?event=401671752,sports.core.api.espn.com/v2/sports/football/leagues/nfl/events/401671752/competitions/401671752/plays?limit=300
401671781,49ers v Bills,SF v BUF,13,2024,2,25,https://site.web.api.espn.com/apis/site/v2/sports/football/nfl/summary?event=401671781,sports.core.api.espn.com/v2/sports/football/leagues/nfl/events/401671781/competitions/401671781/plays?limit=300
401671686,Browns v Broncos,CLE v DEN,13,2024,7,5,https://site.web.api.espn.com/apis/site/v2/sports/football/nfl/summary?event=401671686,sports.core.api.espn.com/v2/sports/football/leagues/nfl/events/401671686/competitions/401671686/plays?limit=300
401671814,Packers v Lions,GB v DET,14,2024,8,9,https://site.web.api.espn.com/apis/site/v2/sports/football/nfl/summary?event=401671814,sports.core.api.espn.com/v2/sports/football/leagues/nfl/events/401671814/competitions/401671814/plays?limit=300
401671821,Jaguars v Titans,JAX v TEN,14,2024,10,30,https://site.web.api.espn.com/apis/site/v2/sports/football/nfl/summary?event=401671821,sports.core.api.espn.com/v2/sports/football/leagues/nfl/events/401671821/competitions/401671821/plays?limit=300
401671848,Jets v Dolphins,NYJ v MIA,14,2024,15,20,https://site.web.api.espn.com/apis/site/v2/sports/football/nfl/summary?event=401671848,sports.core.api.espn.com/v2/sports/football/leagues/nfl/events/401671848/competitions/401671848/plays?limit=300
401671601,Saints v Giants,NO v NYG,14,2024,19,18,https://site.web.api.espn.com/apis/site/v2/sports/football/nfl/summary?event=401671601,sports.core.api.espn.com/v2/sports/football/leagues/nfl/events/401671601/competitions/401671601/plays?limit=300
401671713,Panthers v Eagles,CAR v PHI,14,2024,21,29,https://site.web.api.espn.com/apis/site/v2/sports/football/nfl/summary?event=401671713,sports.core.api.espn.com/v2/sports/football/leagues/nfl/events/401671713/competitions/401671713/plays?limit=300
401671631,Browns v Steelers,CLE v PIT,14,2024,23,5,https://site.web.api.espn.com/apis/site/v2/sports/football/nfl/summary?event=401671631,sports.core.api.espn.com/v2/sports/football/leagues/nfl/events/401671631/competitions/401671631/plays?limit=300
401671654,Raiders v Buccaneers,LV v TB,14,2024,27,13,https://site.web.api.espn.com/apis/site/v2/sports/football/nfl/summary?event=401671654,sports.core.api.espn.com/v2/sports/football/leagues/nfl/events/401671654/competitions/401671654/plays?limit=300
401671660,Seahawks v Cardinals,SEA v ARI,14,2024,22,26,https://site.web.api.espn.com/apis/site/v2/sports/football/nfl/summary?event=401671660,sports.core.api.espn.com/v2/sports/football/leagues/nfl/events/401671660/competitions/401671660/plays?limit=300
401671774,Bears v 49ers,CHI v SF,14,2024,25,3,https://site.web.api.espn.com/apis/site/v2/sports/football/nfl/summary?event=401671774,sports.core.api.espn.com/v2/sports/football/leagues/nfl/events/401671774/competitions/401671774/plays?limit=300
401671788,Chargers v Chiefs,LAC v KC,14,2024,12,24,https://site.web.api.espn.com/apis/site/v2/sports/football/nfl/summary?event=401671788,sports.core.api.espn.com/v2/sports/football/leagues/nfl/events/401671788/competitions/401671788/plays?limit=300
401671690,Bengals v Cowboys,CIN v DAL,14,2024,6,4,https://site.web.api.espn.com/apis/site/v2/sports/football/nfl/summary?event=401671690,sports.core.api.espn.com/v2/sports/football/leagues/nfl/events/401671690/competitions/401671690/plays?limit=300
401671818,Rams v 49ers,LAR v SF,15,2024,25,14,https://site.web.api.espn.com/apis/site/v2/sports/football/nfl/summary?event=401671818,sports.core.api.espn.com/v2/sports/football/leagues/nfl/events/401671818/competitions/401671818/plays?limit=300
401671825,Bengals v Titans,CIN v TEN,15,2024,10,4,https://site.web.api.espn.com/apis/site/v2/sports/football/nfl/summary?event=401671825,sports.core.api.espn.com/v2/sports/football/leagues/nfl/events/401671825/competitions/401671825/plays?limit=300
401671737,Commanders v Saints,WSH v NO,15,2024,18,28,https://site.web.api.espn.com/apis/site/v2/sports/football/nfl/summary?event=401671737,sports.core.api.espn.com/v2/sports/football/leagues/nfl/events/401671737/competitions/401671737/plays?limit=300
401671731,Cowboys v Panthers,DAL v CAR,15,2024,29,6,https://site.web.api.espn.com/apis/site/v2/sports/football/nfl/summary?event=401671731,sports.core.api.espn.com/v2/sports/football/leagues/nfl/events/401671731/competitions/401671731/plays?limit=300
401671706,Jets v Jaguars,NYJ v JAX,15,2024,30,20,https://site.web.api.espn.com/apis/site/v2/sports/football/nfl/summary?event=401671706,sports.core.api.espn.com/v2/sports/football/leagues/nfl/events/401671706/competitions/401671706/plays?limit=300
401671860,Dolphins v Texans,MIA v HOU,15,2024,34,15,https://site.web.api.espn.com/apis/site/v2/sports/football/nfl/summary?event=401671860,sports.core.api.espn.com/v2/sports/football/leagues/nfl/events/401671860/competitions/401671860/plays?limit=300
401671669,Colts v Broncos,IND v DEN,15,2024,7,11,https://site.web.api.espn.com/apis/site/v2/sports/football/nfl/summary?event=401671669,sports.core.api.espn.com/v2/sports/football/leagues/nfl/events/401671669/competitions/401671669/plays?limit=300
401671681,Bills v Lions,BUF v DET,15,2024,8,2,https://site.web.api.espn.com/apis/site/v2/sports/football/nfl/summary?event=401671681,sports.core.api.espn.com/v2/sports/football/leagues/nfl/events/401671681/competitions/401671681/plays?limit=300
401671677,Patriots v Cardinals,NE v ARI,15,2024,22,17,https://site.web.api.espn.com/apis/site/v2/sports/football/nfl/summary?event=401671677,sports.core.api.espn.com/v2/sports/football/leagues/nfl/events/401671677/competitions/401671677/plays?limit=300
401671762,Buccaneers v Chargers,TB v LAC,15,2024,24,27,https://site.web.api.espn.com/apis/site/v2/sports/football/nfl/summary?event=401671762,sports.core.api.espn.com/v2/sports/football/leagues/nfl/events/401671762/competitions/401671762/plays?limit=300
401671796,Packers v Seahawks,GB v SEA,15,2024,26,9,https://site.web.api.espn.com/apis/site/v2/sports/football/nfl/summary?event=401671796,sports.core.api.espn.com/v2/sports/football/leagues/nfl/events/401671796/competitions/401671796/plays?limit=300
401671489,Bears v Vikings,CHI v MIN,15,2024,16,3,https://site.web.api.espn.com/apis/site/v2/sports/football/nfl/summary?event=401671489,sports.core.api.espn.com/v2/sports/football/leagues/nfl/events/401671489/competitions/401671489/plays?limit=300
401671697,Falcons v Raiders,ATL v LV,15,2024,13,1,https://site.web.api.espn.com/apis/site/v2/sports/football/nfl/summary?event=401671697,sports.core.api.espn.com/v2/sports/football/leagues/nfl/events/401671697/competitions/401671697/plays?limit=300
401671780,Texans v Chiefs,HOU v KC,16,2024,12,34,https://site.web.api.espn.com/apis/site/v2/sports/football/nfl/summary?event=401671780,sports.core.api.espn.com/v2/sports/football/leagues/nfl/events/401671780/competitions/401671780/plays?limit=300
401671778,Steelers v Ravens,PIT v BAL,16,2024,33,23,https://site.web.api.espn.com/apis/site/v2/sports/football/nfl/summary?event=401671778,sports.core.api.espn.com/v2/sports/football/leagues/nfl/events/401671778/competitions/401671778/plays?limit=300
401671729,Giants v Falcons,NYG v ATL,16,2024,1,19,https://site.web.api.espn.com/apis/site/v2/sports/football/nfl/summary?event=401671729,sports.core.api.espn.com/v2/sports/football/leagues/nfl/events/401671729/competitions/401671729/plays?limit=300
401671494,Patriots v Bills,NE v BUF,16,2024,2,17,https://site.web.api.espn.com/apis/site/v2/sports/football/nfl/summary?event=401671494,sports.core.api.espn.com/v2/sports/football/leagues/nfl/events/401671494/competitions/401671494/plays?limit=300
401671868,Lions v Bears,DET v CHI,16,2024,3,8,https://site.web.api.espn.com/apis/site/v2/sports/football/nfl/summary?event=401671868,sports.core.api.espn.com/v2/sports/football/leagues/nfl/events/401671868/competitions/401671868/plays?limit=300
401671862,Titans v Colts,TEN v IND,16,2024,11,10,https://site.web.api.espn.com/apis/site/v2/sports/football/nfl/summary?event=401671862,sports.core.api.espn.com/v2/sports/football/leagues/nfl/events/401671862/competitions/401671862/plays?limit=300
401671717,Eagles v Commanders,PHI v WSH,16,2024,28,21,https://site.web.api.espn.com/apis/site/v2/sports/football/nfl/summary?event=401671717,sports.core.api.espn.com/v2/sports/football/leagues/nfl/events/401671717/competitions/401671717/plays?limit=300
401671732,Cardinals v Panthers,ARI v CAR,16,2024,29,22,https://site.web.api.espn.com/apis/site/v2/sports/football/nfl/summary?event=401671732,sports.core.api.espn.com/v2/sports/football/leagues/nfl/events/401671732/competitions/401671732/plays?limit=300
401671749,Broncos v Chargers,DEN v LAC,16,2024,24,7,https://site.web.api.espn.com/apis/site/v2/sports/football/nfl/summary?event=401671749,sports.core.api.espn.com/v2/sports/football/leagues/nfl/events/401671749/competitions/401671749/plays?limit=300
401671759,Vikings v Seahawks,MIN v SEA,16,2024,26,16,https://site.web.api.espn.com/apis/site/v2/sports/football/nfl/summary?event=401671759,sports.core.api.espn.com/v2/sports/football/leagues/nfl/events/401671759/competitions/401671759/plays?limit=300
401671874,49ers v Dolphins,SF v MIA,16,2024,15,25,https://site.web.api.espn.com/apis/site/v2/sports/football/nfl/summary?event=401671874,sports.core.api.espn.com/v2/sports/football/leagues/nfl/events/401671874/competitions/401671874/plays?limit=300
401671790,Buccaneers v Cowboys,TB v DAL,16,2024,6,27,https://site.web.api.espn.com/apis/site/v2/sports/football/nfl/summary?event=401671790,sports.core.api.espn.com/v2/sports/football/leagues/nfl/events/401671790/competitions/401671790/plays?limit=300
401671692,Saints v Packers,NO v GB,16,2024,9,18,https://site.web.api.espn.com/apis/site/v2/sports/football/nfl/summary?event=401671692,sports.core.api.espn.com/v2/sports/football/leagues/nfl/events/401671692/competitions/401671692/plays?limit=300
401671799,Chiefs v Steelers,KC v PIT,17,2024,23,12,https://site.web.api.espn.com/apis/site/v2/sports/football/nfl/summary?event=401671799,sports.core.api.espn.com/v2/sports/football/leagues/nfl/events/401671799/competitions/401671799/plays?limit=300
401671695,Ravens v Buccaneers,BAL v TB,7,2024,27,33,https://site.web.api.espn.com/apis/site/v2/sports/football/nfl/summary?event=401671695,sports.core.api.espn.com/v2/sports/football/leagues/nfl/events/401671695/competitions/401671695/plays?limit=300
401547644,Texans v Colts,HOU v IND,18,2024,11,34,https://site.web.api.espn.com/apis/site/v2/sports/football/nfl/summary?event=401547644,sports.core.api.espn.com/v2/sports/football/leagues/nfl/events/401547644/competitions/401547644/plays?limit=300
401547640,Buccaneers v Panthers,TB v CAR,18,2024,29,27,https://site.web.api.espn.com/apis/site/v2/sports/football/nfl/summary?event=401547640,sports.core.api.espn.com/v2/sports/football/leagues/nfl/events/401547640/competitions/401547640/plays?limit=300
401547651,Rams v 49ers,LAR v SF,18,2024,25,14,https://site.web.api.espn.com/apis/site/v2/sports/football/nfl/summary?event=401547651,sports.core.api.espn.com/v2/sports/football/leagues/nfl/events/401547651/competitions/401547651/plays?limit=300
401547753,Rams v Lions,LAR v DET,1,2024,8,14,https://site.web.api.espn.com/apis/site/v2/sports/football/nfl/summary?event=401547753,sports.core.api.espn.com/v2/sports/football/leagues/nfl/events/401547753/competitions/401547753/plays?limit=300
401547379,Chiefs v Ravens,KC v BAL,3,2024,33,12,https://site.web.api.espn.com/apis/site/v2/sports/football/nfl/summary?event=401547379,sports.core.api.espn.com/v2/sports/football/leagues/nfl/events/401547379/competitions/401547379/plays?limit=300
401671610,Texans v Bears,HOU v CHI,1,2024,3,34,https://site.web.api.espn.com/apis/site/v2/sports/football/nfl/summary?event=401671610,sports.core.api.espn.com/v2/sports/football/leagues/nfl/events/401671610/competitions/401671610/plays?limit=300
401671915,Falcons v Dolphins,ATL v MIA,2,2024,15,1,https://site.web.api.espn.com/apis/site/v2/sports/football/nfl/summary?event=401671915,sports.core.api.espn.com/v2/sports/football/leagues/nfl/events/401671915/competitions/401671915/plays?limit=300
401671902,Packers v Browns,GB v CLE,2,2024,5,9,https://site.web.api.espn.com/apis/site/v2/sports/football/nfl/summary?event=401671902,sports.core.api.espn.com/v2/sports/football/leagues/nfl/events/401671902/competitions/401671902/plays?limit=300
401671920,Broncos v Colts,DEN v IND,2,2024,11,7,https://site.web.api.espn.com/apis/site/v2/sports/football/nfl/summary?event=401671920,sports.core.api.espn.com/v2/sports/football/leagues/nfl/events/401671920/competitions/401671920/plays?limit=300
401671911,Lions v Chiefs,DET v KC,3,2024,12,8,https://site.web.api.espn.com/apis/site/v2/sports/football/nfl/summary?event=401671911,sports.core.api.espn.com/v2/sports/football/leagues/nfl/events/401671911/competitions/401671911/plays?limit=300
401676591,Jets v Panthers,NYJ v CAR,3,2024,29,20,https://site.web.api.espn.com/apis/site/v2/sports/football/nfl/summary?event=401676591,sports.core.api.espn.com/v2/sports/football/leagues/nfl/events/401676591/competitions/401676591/plays?limit=300
401671611,Saints v 49ers,NO v SF,3,2024,25,18,https://site.web.api.espn.com/apis/site/v2/sports/football/nfl/summary?event=401671611,sports.core.api.espn.com/v2/sports/football/leagues/nfl/events/401671611/competitions/401671611/plays?limit=300
401671922,Jaguars v Falcons,JAX v ATL,4,2024,1,30,https://site.web.api.espn.com/apis/site/v2/sports/football/nfl/summary?event=401671922,sports.core.api.espn.com/v2/sports/football/leagues/nfl/events/401671922/competitions/401671922/plays?limit=300
401671876,Seahawks v Bears,SEA v CHI,17,2024,3,26,https://site.web.api.espn.com/apis/site/v2/sports/football/nfl/summary?event=401671876,sports.core.api.espn.com/v2/sports/football/leagues/nfl/events/401671876/competitions/401671876/plays?limit=300
401671835,Broncos v Bengals,DEN v CIN,17,2024,4,7,https://site.web.api.espn.com/apis/site/v2/sports/football/nfl/summary?event=401671835,sports.core.api.espn.com/v2/sports/football/leagues/nfl/events/401671835/competitions/401671835/plays?limit=300
401671829,Cardinals v Rams,ARI v LAR,17,2024,14,22,https://site.web.api.espn.com/apis/site/v2/sports/football/nfl/summary?event=401671829,sports.core.api.espn.com/v2/sports/football/leagues/nfl/events/401671829/competitions/401671829/plays?limit=300
401671832,Chargers v Patriots,LAC v NE,17,2024,17,24,https://site.web.api.espn.com/apis/site/v2/sports/football/nfl/summary?event=401671832,sports.core.api.espn.com/v2/sports/football/leagues/nfl/events/401671832/competitions/401671832/plays?limit=300
401671846,Colts v Giants,IND v NYG,17,2024,19,11,https://site.web.api.espn.com/apis/site/v2/sports/football/nfl/summary?event=401671846,sports.core.api.espn.com/v2/sports/football/leagues/nfl/events/401671846/competitions/401671846/plays?limit=300
401671495,Jets v Bills,NYJ v BUF,17,2024,2,20,https://site.web.api.espn.com/apis/site/v2/sports/football/nfl/summary?event=401671495,sports.core.api.espn.com/v2/sports/football/leagues/nfl/events/401671495/competitions/401671495/plays?limit=300
401671725,Packers v Vikings,GB v MIN,17,2024,16,9,https://site.web.api.espn.com/apis/site/v2/sports/football/nfl/summary?event=401671725,sports.core.api.espn.com/v2/sports/football/leagues/nfl/events/401671725/competitions/401671725/plays?limit=300
401671738,Raiders v Saints,LV v NO,17,2024,18,13,https://site.web.api.espn.com/apis/site/v2/sports/football/nfl/summary?event=401671738,sports.core.api.espn.com/v2/sports/football/leagues/nfl/events/401671738/competitions/401671738/plays?limit=300
401671653,Panthers v Buccaneers,CAR v TB,17,2024,27,29,https://site.web.api.espn.com/apis/site/v2/sports/football/nfl/summary?event=401671653,sports.core.api.espn.com/v2/sports/football/leagues/nfl/events/401671653/competitions/401671653/plays?limit=300
401671634,Titans v Jaguars,TEN v JAX,17,2024,30,10,https://site.web.api.espn.com/apis/site/v2/sports/football/nfl/summary?event=401671634,sports.core.api.espn.com/v2/sports/football/leagues/nfl/events/401671634/competitions/401671634/plays?limit=300
401671877,Dolphins v Browns,MIA v CLE,17,2024,5,15,https://site.web.api.espn.com/apis/site/v2/sports/football/nfl/summary?event=401671877,sports.core.api.espn.com/v2/sports/football/leagues/nfl/events/401671877/competitions/401671877/plays?limit=300
401671698,Lions v 49ers,DET v SF,17,2024,25,8,https://site.web.api.espn.com/apis/site/v2/sports/football/nfl/summary?event=401671698,sports.core.api.espn.com/v2/sports/football/leagues/nfl/events/401671698/competitions/401671698/plays?limit=300
401672006,Vikings v Eagles,MIN v PHI,4,2024,21,16,https://site.web.api.espn.com/apis/site/v2/sports/football/nfl/summary?event=401672006,sports.core.api.espn.com/v2/sports/football/leagues/nfl/events/401672006/competitions/401672006/plays?limit=300
401671613,Cardinals v Broncos,ARI v DEN,4,2024,7,22,https://site.web.api.espn.com/apis/site/v2/sports/football/nfl/summary?event=401671613,sports.core.api.espn.com/v2/sports/football/leagues/nfl/events/401671613/competitions/401671613/plays?limit=300
401671719,Titans v Bears,TEN v CHI,1,2024,3,10,https://site.web.api.espn.com/apis/site/v2/sports/football/nfl/summary?event=401671719,sports.core.api.espn.com/v2/sports/football/leagues/nfl/events/401671719/competitions/401671719/plays?limit=300
401671659,Raiders v Chargers,LV v LAC,1,2024,24,13,https://site.web.api.espn.com/apis/site/v2/sports/football/nfl/summary?event=401671659,sports.core.api.espn.com/v2/sports/football/leagues/nfl/events/401671659/competitions/401671659/plays?limit=300
401671696,Jets v 49ers,NYJ v SF,1,2024,25,20,https://site.web.api.espn.com/apis/site/v2/sports/football/nfl/summary?event=401671696,sports.core.api.espn.com/v2/sports/football/leagues/nfl/events/401671696/competitions/401671696/plays?limit=300
401671721,Buccaneers v Lions,TB v DET,2,2024,8,27,https://site.web.api.espn.com/apis/site/v2/sports/football/nfl/summary?event=401671721,sports.core.api.espn.com/v2/sports/football/leagues/nfl/events/401671721/competitions/401671721/plays?limit=300
401671652,Chargers v Panthers,LAC v CAR,2,2024,29,24,https://site.web.api.espn.com/apis/site/v2/sports/football/nfl/summary?event=401671652,sports.core.api.espn.com/v2/sports/football/leagues/nfl/events/401671652/competitions/401671652/plays?limit=300
401671786,Bears v Texans,CHI v HOU,2,2024,34,3,https://site.web.api.espn.com/apis/site/v2/sports/football/nfl/summary?event=401671786,sports.core.api.espn.com/v2/sports/football/leagues/nfl/events/401671786/competitions/401671786/plays?limit=300
401671646,Texans v Vikings,HOU v MIN,3,2024,16,34,https://site.web.api.espn.com/apis/site/v2/sports/football/nfl/summary?event=401671646,sports.core.api.espn.com/v2/sports/football/leagues/nfl/events/401671646/competitions/401671646/plays?limit=300
401671763,Ravens v Cowboys,BAL v DAL,3,2024,6,33,https://site.web.api.espn.com/apis/site/v2/sports/football/nfl/summary?event=401671763,sports.core.api.espn.com/v2/sports/football/leagues/nfl/events/401671763/competitions/401671763/plays?limit=300
401671490,Commanders v Bengals,WSH v CIN,3,2024,4,28,https://site.web.api.espn.com/apis/site/v2/sports/football/nfl/summary?event=401671490,sports.core.api.espn.com/v2/sports/football/leagues/nfl/events/401671490/competitions/401671490/plays?limit=300
401671871,Rams v Bears,LAR v CHI,4,2024,3,14,https://site.web.api.espn.com/apis/site/v2/sports/football/nfl/summary?event=401671871,sports.core.api.espn.com/v2/sports/football/leagues/nfl/events/401671871/competitions/401671871/plays?limit=300
401671857,Jaguars v Texans,JAX v HOU,4,2024,34,30,https://site.web.api.espn.com/apis/site/v2/sports/football/nfl/summary?event=401671857,sports.core.api.espn.com/v2/sports/football/leagues/nfl/events/401671857/competitions/401671857/plays?limit=300
401671683,Titans v Dolphins,TEN v MIA,4,2024,15,10,https://site.web.api.espn.com/apis/site/v2/sports/football/nfl/summary?event=401671683,sports.core.api.espn.com/v2/sports/football/leagues/nfl/events/401671683/competitions/401671683/plays?limit=300
401671700,Dolphins v Patriots,MIA v NE,5,2024,17,15,https://site.web.api.espn.com/apis/site/v2/sports/football/nfl/summary?event=401671700,sports.core.api.espn.com/v2/sports/football/leagues/nfl/events/401671700/competitions/401671700/plays?limit=300
401671680,Giants v Seahawks,NYG v SEA,5,2024,26,19,https://site.web.api.espn.com/apis/site/v2/sports/football/nfl/summary?event=401671680,sports.core.api.espn.com/v2/sports/football/leagues/nfl/events/401671680/competitions/401671680/plays?limit=300
401671802,Jaguars v Bears,JAX v CHI,6,2024,3,30,https://site.web.api.espn.com/apis/site/v2/sports/football/nfl/summary?event=401671802,sports.core.api.espn.com/v2/sports/football/leagues/nfl/events/401671802/competitions/401671802/plays?limit=300
401671619,Texans v Patriots,HOU v NE,6,2024,17,34,https://site.web.api.espn.com/apis/site/v2/sports/football/nfl/summary?event=401671619,sports.core.api.espn.com/v2/sports/football/leagues/nfl/events/401671619/competitions/401671619/plays?limit=300
401671764,Lions v Cowboys,DET v DAL,6,2024,6,8,https://site.web.api.espn.com/apis/site/v2/sports/football/nfl/summary?event=401671764,sports.core.api.espn.com/v2/sports/football/leagues/nfl/events/401671764/competitions/401671764/plays?limit=300
401671730,Seahawks v Falcons,SEA v ATL,7,2024,1,26,https://site.web.api.espn.com/apis/site/v2/sports/football/nfl/summary?event=401671730,sports.core.api.espn.com/v2/sports/football/leagues/nfl/events/401671730/competitions/401671730/plays?limit=300
401671710,Eagles v Giants,PHI v NYG,7,2024,19,21,https://site.web.api.espn.com/apis/site/v2/sports/football/nfl/summary?event=401671710,sports.core.api.espn.com/v2/sports/football/leagues/nfl/events/401671710/competitions/401671710/plays?limit=300
401671667,Eagles v Bengals,PHI v CIN,8,2024,4,21,https://site.web.api.espn.com/apis/site/v2/sports/football/nfl/summary?event=401671667,sports.core.api.espn.com/v2/sports/football/leagues/nfl/events/401671667/competitions/401671667/plays?limit=300
401671739,Falcons v Buccaneers,ATL v TB,8,2024,27,1,https://site.web.api.espn.com/apis/site/v2/sports/football/nfl/summary?event=401671739,sports.core.api.espn.com/v2/sports/football/leagues/nfl/events/401671739/competitions/401671739/plays?limit=300
401671856,Colts v Texans,IND v HOU,8,2024,34,11,https://site.web.api.espn.com/apis/site/v2/sports/football/nfl/summary?event=401671856,sports.core.api.espn.com/v2/sports/football/leagues/nfl/events/401671856/competitions/401671856/plays?limit=300
401671795,Cowboys v 49ers,DAL v SF,8,2024,25,6,https://site.web.api.espn.com/apis/site/v2/sports/football/nfl/summary?event=401671795,sports.core.api.espn.com/v2/sports/football/leagues/nfl/events/401671795/competitions/401671795/plays?limit=300
401671704,Raiders v Bengals,LV v CIN,9,2024,4,13,https://site.web.api.espn.com/apis/site/v2/sports/football/nfl/summary?event=401671704,sports.core.api.espn.com/v2/sports/football/leagues/nfl/events/401671704/competitions/401671704/plays?limit=300
401671661,Bears v Cardinals,CHI v ARI,9,2024,22,3,https://site.web.api.espn.com/apis/site/v2/sports/football/nfl/summary?event=401671661,sports.core.api.espn.com/v2/sports/football/leagues/nfl/events/401671661/competitions/401671661/plays?limit=300
401671803,Giants v Panthers,NYG v CAR,10,2024,29,19,https://site.web.api.espn.com/apis/site/v2/sports/football/nfl/summary?event=401671803,sports.core.api.espn.com/v2/sports/football/leagues/nfl/events/401671803/competitions/401671803/plays?limit=300
401671641,Steelers v Commanders,PIT v WSH,10,2024,28,23,https://site.web.api.espn.com/apis/site/v2/sports/football/nfl/summary?event=401671641,sports.core.api.espn.com/v2/sports/football/leagues/nfl/events/401671641/competitions/401671641/plays?limit=300
401671676,Eagles v Cowboys,PHI v DAL,10,2024,6,21,https://site.web.api.espn.com/apis/site/v2/sports/football/nfl/summary?event=401671676,sports.core.api.espn.com/v2/sports/football/leagues/nfl/events/401671676/competitions/401671676/plays?limit=300
401671642,Jaguars v Lions,JAX v DET,11,2024,8,30,https://site.web.api.espn.com/apis/site/v2/sports/football/nfl/summary?event=401671642,sports.core.api.espn.com/v2/sports/football/leagues/nfl/events/401671642/competitions/401671642/plays?limit=300
401671748,Falcons v Broncos,ATL v DEN,11,2024,7,1,https://site.web.api.espn.com/apis/site/v2/sports/football/nfl/summary?event=401671748,sports.core.api.espn.com/v2/sports/football/leagues/nfl/events/401671748/competitions/401671748/plays?limit=300
401671875,Steelers v Browns,PIT v CLE,12,2024,5,23,https://site.web.api.espn.com/apis/site/v2/sports/football/nfl/summary?event=401671875,sports.core.api.espn.com/v2/sports/football/leagues/nfl/events/401671875/competitions/401671875/plays?limit=300
401671651,Chiefs v Panthers,KC v CAR,12,2024,29,12,https://site.web.api.espn.com/apis/site/v2/sports/football/nfl/summary?event=401671651,sports.core.api.espn.com/v2/sports/football/leagues/nfl/events/401671651/competitions/401671651/plays?limit=300
401671794,Eagles v Rams,PHI v LAR,12,2024,14,21,https://site.web.api.espn.com/apis/site/v2/sports/football/nfl/summary?event=401671794,sports.core.api.espn.com/v2/sports/football/leagues/nfl/events/401671794/competitions/401671794/plays?limit=300
401671779,Giants v Cowboys,NYG v DAL,13,2024,6,19,https://site.web.api.espn.com/apis/site/v2/sports/football/nfl/summary?event=401671779,sports.core.api.espn.com/v2/sports/football/leagues/nfl/events/401671779/competitions/401671779/plays?limit=300
401671620,Colts v Patriots,IND v NE,13,2024,17,11,https://site.web.api.espn.com/apis/site/v2/sports/football/nfl/summary?event=401671620,sports.core.api.espn.com/v2/sports/football/leagues/nfl/events/401671620/competitions/401671620/plays?limit=300
401671666,Eagles v Ravens,PHI v BAL,13,2024,33,21,https://site.web.api.espn.com/apis/site/v2/sports/football/nfl/summary?event=401671666,sports.core.api.espn.com/v2/sports/football/leagues/nfl/events/401671666/competitions/401671666/plays?limit=300
401671648,Falcons v Vikings,ATL v MIN,14,2024,16,1,https://site.web.api.espn.com/apis/site/v2/sports/football/nfl/summary?event=401671648,sports.core.api.espn.com/v2/sports/football/leagues/nfl/events/401671648/competitions/401671648/plays?limit=300
401671773,Bills v Rams,BUF v LAR,14,2024,14,2,https://site.web.api.espn.com/apis/site/v2/sports/football/nfl/summary?event=401671773,sports.core.api.espn.com/v2/sports/football/leagues/nfl/events/401671773/competitions/401671773/plays?limit=300
401671854,Chiefs v Browns,KC v CLE,15,2024,5,12,https://site.web.api.espn.com/apis/site/v2/sports/football/nfl/summary?event=401671854,sports.core.api.espn.com/v2/sports/football/leagues/nfl/events/401671854/competitions/401671854/plays?limit=300
401671639,Ravens v Giants,BAL v NYG,15,2024,19,33,https://site.web.api.espn.com/apis/site/v2/sports/football/nfl/summary?event=401671639,sports.core.api.espn.com/v2/sports/football/leagues/nfl/events/401671639/competitions/401671639/plays?limit=300
401671766,Steelers v Eagles,PIT v PHI,15,2024,21,23,https://site.web.api.espn.com/apis/site/v2/sports/football/nfl/summary?event=401671766,sports.core.api.espn.com/v2/sports/football/leagues/nfl/events/401671766/competitions/401671766/plays?limit=300
401671811,Browns v Bengals,CLE v CIN,16,2024,4,5,https://site.web.api.espn.com/apis/site/v2/sports/football/nfl/summary?event=401671811,sports.core.api.espn.com/v2/sports/football/leagues/nfl/events/401671811/competitions/401671811/plays?limit=300
401671621,Rams v Jets,LAR v NYJ,16,2024,20,14,https://site.web.api.espn.com/apis/site/v2/sports/football/nfl/summary?event=401671621,sports.core.api.espn.com/v2/sports/football/leagues/nfl/events/401671621/competitions/401671621/plays?limit=300
401671673,Jaguars v Raiders,JAX v LV,16,2024,13,30,https://site.web.api.espn.com/apis/site/v2/sports/football/nfl/summary?event=401671673,sports.core.api.espn.com/v2/sports/football/leagues/nfl/events/401671673/competitions/401671673/plays?limit=300
401671800,Ravens v Texans,BAL v HOU,17,2024,34,33,https://site.web.api.espn.com/apis/site/v2/sports/football/nfl/summary?event=401671800,sports.core.api.espn.com/v2/sports/football/leagues/nfl/events/401671800/competitions/401671800/plays?limit=300
401671842,Falcons v Commanders,ATL v WSH,17,2024,28,1,https://site.web.api.espn.com/apis/site/v2/sports/football/nfl/summary?event=401671842,sports.core.api.espn.com/v2/sports/football/leagues/nfl/events/401671842/competitions/401671842/plays?limit=300
401671765,Cowboys v Eagles,DAL v PHI,17,2024,21,6,https://site.web.api.espn.com/apis/site/v2/sports/football/nfl/summary?event=401671765,sports.core.api.espn.com/v2/sports/football/leagues/nfl/events/401671765/competitions/401671765/plays?limit=300
